number	w	h	first map	y	x	maps
001	34	27	zone1quest.dds	5	17	2
002	11	11	zone1quest.dds	38	149	2
003	13	27	zone1quest.dds	38	179	2
004	19	11	zone1quest.dds	64	164	2
005	9	10	zone1quest.dds	84	37	2
006	18	33	zone1quest.dds	95	33	2
007	16	19	zone1quest.dds	117	121	2
008	16	22	zone1quest.dds	127	182	2
009	15	7	zone1quest.dds	134	61	2
010	11	12	zone1quest.dds	135	149	2
011	11	17	zone1quest.dds	147	139	2
012	25	22	zone2quest.dds	69	101	2
013	12	15	zone3quest.dds	8	184	1
014	23	15	zone3quest.dds	16	154	1
015	23	16	zone3quest.dds	23	177	1
016	16	9	zone3quest.dds	40	168	2
017	12	15	zone3quest.dds	49	174	1
018	17	16	zone3quest.dds	58	139	2
019	16	8	zone3quest.dds	88	64	2
020	8	16	zone3quest.dds	110	136	2
021	13	15	zone3quest.dds	136	98	2
022	25	19	zone3quest.dds	153	104	2
023	14	10	zone4quest.dds	6	94	2
024	11	10	zone4quest.dds	6	110	2
025	18	16	zone4quest.dds	17	103	2
026	20	21	zone4quest.dds	50	16	2
027	17	24	zone4quest.dds	71	102	2
028	11	11	zone4quest.dds	78	126	2
029	40	21	zone4quest.dds	86	39	2
030	13	11	zone4quest.dds	88	143	2
031	11	11	zone4quest.dds	99	101	2
032	7	8	zone4quest.dds	106	171	2
033	6	9	zone4quest.dds	111	166	2
034	19	14	zone5quest.dds	37	100	2
035	22	20	zone5quest.dds	55	66	1
036	16	16	zone6quest.dds	85	57	2
037	13	11	zone6quest.dds	110	32	2
038	13	10	zone6quest.dds	111	86	2
039	10	9	zone6quest.dds	151	113	2
040	7	8	zone6quest.dds	153	101	2
041	10	9	zone6quest.dds	164	111	2
042	22	17	zone6quest.dds	207	22	1
043	13	11	zone6quest.dds	211	106	2
044	13	13	zone7quest.dds	26	112	2
045	14	18	zone7quest.dds	29	142	2
046	11	7	zone7quest.dds	31	90	1
047	18	14	zone7quest.dds	34	73	1
048	16	23	zone7quest.dds	36	198	1
049	24	31	zone7quest.dds	38	171	2
050	12	8	zone7quest.dds	52	64	2
051	14	26	zone7quest.dds	54	146	2
052	21	23	zone7quest.dds	61	96	2
053	11	15	zone7quest.dds	63	161	2
054	14	14	zone7quest.dds	70	222	2
055	13	11	zone7quest.dds	75	19	2
056	15	13	zone7quest.dds	84	96	2
057	7	11	zone7quest.dds	84	178	2
058	11	14	zone7quest.dds	85	26	2
059	7	11	zone7quest.dds	95	172	2
060	13	16	zone7quest.dds	111	171	2
061	16	16	zone7quest.dds	128	223	2
062	21	21	zone7quest.dds	150	26	2
063	16	18	zone8quest.dds	71	109	2
064	16	17	zone8quest.dds	92	61	2
065	16	14	zone8quest.dds	97	107	2
066	23	15	zone8quest.dds	109	139	2
067	19	28	zone8quest.dds	117	67	2
068	14	20	zone8quest.dds	125	212	2
069	14	12	zone8quest.dds	127	109	2
070	16	28	zone8quest.dds	130	132	2
071	8	16	zone8quest.dds	152	168	2
072	12	18	zone8quest.dds	163	59	2
073	22	20	zone8quest.dds	165	134	2
074	13	30	zone8quest.dds	166	209	2
075	12	15	zone8quest.dds	168	157	2
076	16	30	zone8quest.dds	179	90	2
077	40	39	zone8quest.dds	192	30	2
078	23	38	zone8quest.dds	197	211	2
079	20	27	zone8quest.dds	208	154	2
080	16	17	zone8quest.dds	218	194	2
081	11	11	zone8quest.dds	220	17	2
082	14	13	zone9quest.dds	31	142	2
083	13	10	zone9quest.dds	52	186	2
084	14	21	zone9quest.dds	55	162	2
085	11	13	zone9quest.dds	65	176	2
086	26	15	zone9quest.dds	75	223	2
087	25	29	zone9quest.dds	79	122	2
088	33	35	zone9quest.dds	79	147	2
089	14	16	zone9quest.dds	81	179	2
090	12	8	zone9quest.dds	88	205	2
091	33	32	zone9quest.dds	110	220	2
092	20	25	zone9quest.dds	118	37	2
093	7	8	zone9quest.dds	142	214	2
094	14	7	zone9quest.dds	152	74	2
095	10	8	zone9quest.dds	154	208	2
096	17	12	zone9quest.dds	164	13	1
097	7	8	zone10quest.dds	41	176	2
098	16	19	zone10quest.dds	55	50	2
099	32	31	zone10quest.dds	71	169	2
100	11	15	zone10quest.dds	89	78	2
101	11	15	zone10quest.dds	100	146	2
102	34	30	zone10quest.dds	130	158	2
103	17	16	zone11quest.dds	27	209	1
104	16	10	zone11quest.dds	60	51	2
105	21	16	zone11quest.dds	66	18	2
106	16	10	zone11quest.dds	71	41	2
107	17	16	zone11quest.dds	75	219	1
108	17	10	zone11quest.dds	98	65	2
109	17	10	zone11quest.dds	129	225	2
110	12	8	zone11quest.dds	134	212	2
111	16	12	zone11quest.dds	147	135	2
112	12	8	zone11quest.dds	153	124	2
113	17	16	zone12quest.dds	33	114	1
114	17	10	zone12quest.dds	47	56	2
115	16	12	zone12quest.dds	54	77	2
116	12	8	zone12quest.dds	61	58	2
117	12	8	zone12quest.dds	68	88	2
118	17	16	zone12quest.dds	68	110	1
119	12	8	zone12quest.dds	71	68	2
120	17	16	zone12quest.dds	97	130	1
121	17	10	zone12quest.dds	111	95	2
122	24	16	zone12quest.dds	149	16	2
123	17	10	zone12quest.dds	176	20	2
124	17	10	zone12quest.dds	190	42	2
125	17	10	zone12quest.dds	193	124	2
126	25	14	zone13quest.dds	15	153	2
127	16	10	zone13quest.dds	44	225	2
128	23	20	zone13quest.dds	87	188	2
129	12	8	zone13quest.dds	107	182	2
130	27	14	zone13quest.dds	139	173	2
131	16	10	zone13quest.dds	154	129	1
132	14	6	zone14quest.dds	63	210	2
133	6	14	zone14quest.dds	112	134	2
134	12	12	zone14quest.dds	113	170	2
135	6	14	zone14quest.dds	129	121	1
136	14	6	zone14quest.dds	132	188	2
137	6	14	zone14quest.dds	142	88	1
138	14	6	zone14quest.dds	152	196	2
139	15	16	zone15quest.dds	49	120	1
140	12	14	zone15quest.dds	60	21	1
141	20	16	zone15quest.dds	87	158	1
142	14	15	zone15quest.dds	93	144	1
143	24	20	zone15quest.dds	98	41	1
144	11	16	zone15quest.dds	107	180	1
145	11	16	zone15quest.dds	113	26	1
146	33	18	zone15quest.dds	145	119	1
147	11	16	zone15quest.dds	154	153	1
148	16	8	zone15quest.dds	201	93	1
149	16	15	zone15quest.dds	211	60	1
150	9	9	zone16quest.dds	32	34	1
151	7	12	zone16quest.dds	55	148	1
152	7	12	zone16quest.dds	57	116	1
153	7	12	zone16quest.dds	60	126	1
154	17	16	zone17quest.dds	47	22	1
155	9	15	zone17quest.dds	76	183	1
156	17	16	zone17quest.dds	212	26	1
157	11	15	zone18quest.dds	97	43	1
158	10	15	zone18quest.dds	151	131	1
159	12	14	zone18quest.dds	222	133	1
160	15	13	zone19quest.dds	10	149	1
161	15	13	zone19quest.dds	14	77	1
162	16	17	zone19quest.dds	27	219	1
163	21	20	zone19quest.dds	33	45	1
164	30	36	zone19quest.dds	40	66	1
165	17	21	zone19quest.dds	44	158	1
166	22	26	zone19quest.dds	61	42	1
167	17	16	zone19quest.dds	65	185	1
168	18	25	zone19quest.dds	78	216	1
169	40	37	zone20quest.dds	147	64	2
170	17	14	zone1dun2quest.dds	22	23	1
171	19	27	zone1dun2quest.dds	89	39	1
172	17	14	zone1dun2quest.dds	223	61	1
173	12	14	zone5quest.dds	45	49	1
174	12	14	zone5quest.dds	51	38	1
175	12	15	zone6quest.dds	54	101	1
176	10	10	zone6quest.dds	72	24	1
177	10	9	zone6quest.dds	154	46	1
178	10	9	zone6quest.dds	194	45	1
179	9	7	zone6quest.dds	196	30	1
180	6	6	zone6quest.dds	204	27	1
181	6	6	zone6quest.dds	204	36	1
182	13	11	zone6quest.dds	211	28	1
183	11	7	zone7quest.dds	31	90	1
184	18	14	zone7quest.dds	34	73	1
185	24	23	zone7quest.dds	36	198	1
186	10	15	zone7quest.dds	102	225	1
187	17	13	zone7dun1quest.dds	18	125	1
188	17	13	zone7dun1quest.dds	76	122	1
189	17	14	zone7dun1quest.dds	134	53	1
190	31	29	zone7dun2quest.dds	16	23	1
191	13	14	zone7dun2quest.dds	93	97	1
192	19	15	zone7dun2quest.dds	99	21	1
193	14	10	zone7dun2quest.dds	198	11	1
194	17	13	zone7dun2quest.dds	212	124	1
195	23	13	zone9dun1quest.dds	18	117	1
196	17	13	zone9dun1quest.dds	20	21	1
197	17	13	zone9dun1quest.dds	106	21	1
198	19	19	zone9dun1quest.dds	110	210	1
199	18	13	zone9dun1quest.dds	126	138	1
200	17	13	zone9dun1quest.dds	130	21	1
201	9	20	zone11dun1quest.dds	31	86	1
202	9	20	zone11dun1quest.dds	31	161	1
203	20	10	zone11dun1quest.dds	112	101	1
204	9	21	zone11dun1quest.dds	134	79	1
205	9	20	zone11dun1quest.dds	180	159	1
206	20	8	zone11dun1quest.dds	196	44	1
207	20	8	zone11dun1quest.dds	196	81	1
208	20	8	zone11dun1quest.dds	196	121	1
209	14	10	zone13quest.dds	154	131	1
210	6	14	zone14quest.dds	129	121	1
211	15	18	zone15quest.dds	49	120	1
212	12	14	zone15quest.dds	60	21	1
213	17	18	zone15quest.dds	87	161	1
214	14	15	zone15quest.dds	93	144	1
215	20	17	zone15quest.dds	98	43	1
216	11	16	zone15quest.dds	107	180	1
217	11	16	zone15quest.dds	113	26	1
218	33	16	zone15quest.dds	145	119	1
219	11	16	zone15quest.dds	154	153	1
220	16	8	zone15quest.dds	201	93	1
221	15	13	zone15quest.dds	212	60	1
222	17	16	zone17quest.dds	47	22	1
223	10	15	zone17quest.dds	76	183	1
224	15	14	zone17quest.dds	115	42	1
225	17	16	zone17quest.dds	212	26	1
226	11	15	zone18quest.dds	97	43	1
227	16	7	zone18quest.dds	107	97	1
228	7	19	zone18quest.dds	147	131	1
229	12	14	zone18quest.dds	222	133	1
230	15	11	zone19quest.dds	10	149	1
231	15	13	zone19quest.dds	14	77	1
232	15	18	zone19quest.dds	27	220	1
233	30	36	zone19quest.dds	40	66	1
234	22	24	zone19quest.dds	61	42	1
235	26	13	zone25quest.dds	95	14	1
236	27	16	zone25quest.dds	161	88	1
237	17	16	zone26quest.dds	48	19	1
238	10	13	zone31quest.dds	55	66	1
239	10	13	zone31quest.dds	76	98	1
240	17	16	zone31quest.dds	84	83	1
241	15	7	zone31quest.dds	94	149	1
242	9	13	zone31quest.dds	149	70	1
243	14	8	zone31quest.dds	180	145	1
244	31	20	zone31quest.dds	217	117	1
245	30	20	zone31quest.dds	219	82	1
246	22	20	zone32quest.dds	84	28	1
247	15	8	zone32quest.dds	135	109	1
248	16	13	zone33quest.dds	32	102	1
249	17	10	zone33quest.dds	39	65	1
250	17	10	zone33quest.dds	48	82	1
251	17	10	zone33quest.dds	53	127	1
252	16	13	zone33quest.dds	56	111	1
253	25	18	zone33quest.dds	66	72	1
254	17	10	zone33quest.dds	69	95	1
255	17	11	zone33quest.dds	78	139	1
256	16	13	zone33quest.dds	82	120	1
257	18	12	zone33quest.dds	89	137	1
258	17	10	zone33quest.dds	91	106	1
259	17	10	zone33quest.dds	97	125	1
260	20	17	zone33quest.dds	125	12	1
261	17	16	zone33quest.dds	140	110	1
262	9	14	zone34quest.dds	82	71	1
263	9	13	zone34quest.dds	83	58	1
264	13	10	zone34quest.dds	96	86	1
265	13	10	zone34quest.dds	98	65	1
266	18	18	zone34quest.dds	109	53	1
267	11	13	zone34quest.dds	109	76	1
268	12	8	zone34quest.dds	120	87	1
269	18	18	zone34quest.dds	143	94	1
270	9	14	zone34quest.dds	160	66	1
271	9	13	zone34quest.dds	161	53	1
272	13	10	zone34quest.dds	174	81	1
273	13	10	zone34quest.dds	176	60	1
274	11	13	zone34quest.dds	187	71	1
275	12	11	zone34quest.dds	195	82	1
276	27	30	zone35quest.dds	18	12	1
277	12	13	zone35quest.dds	21	65	1
278	15	8	zone35quest.dds	25	44	1
279	15	8	zone35quest.dds	37	40	1
280	12	13	zone35quest.dds	51	61	1
281	12	13	zone35quest.dds	59	44	1
282	10	14	zone35quest.dds	71	3	1
283	11	14	zone35quest.dds	75	61	1
284	25	18	zone35quest.dds	156	80	1
285	36	34	zone35quest.dds	169	76	1
286	22	17	zone35quest.dds	192	4	1
287	23	14	zone35quest.dds	197	30	1
288	12	13	zone35quest.dds	206	56	1
289	16	26	zone35quest.dds	206	85	1
290	14	22	zone35quest.dds	210	71	1
291	15	27	zone35quest.dds	217	24	1
292	12	15	zone35quest.dds	227	5	1
293	20	10	zonefinalquest.dds	106	112	1
294	16	9	zonefinalquest.dds	107	133	1
295	21	22	zonezeroquest.dds	55	55	1
